{
    "train": {
        "accuracy": 0.9980329226628015,
        "precision": 0.9980404175523594,
        "recall": 0.9980329226628015,
        "f1_score": 0.9980340924351696
    },
    "test": {
        "accuracy": 0.9391253934073215,
        "precision": 0.939432166462602,
        "recall": 0.9391253934073215,
        "f1_score": 0.9391185831100368
    }
}